event_code,node_key,node_type,text,speaker_role,dialogue_pc1,dialogue_pc2,dialogue_pc3,dialogue_pc4,stat_attr,stat_multiplier,fixed_damage,sfx,next_on_success,next_on_fail,next_default
trap_arrow,intro,narration,トラップが作動した！{target_name}めがけて矢が飛来する！,,,,,,,,,,,,intro_react
trap_arrow,intro_react,dialogue,！？,target,,,,,,,,,,,dodge_preview
trap_arrow,dodge_preview,narration,{target_name}は身をよじった！\n成功率：{success_rate}%,,,,,,,,,,,,roll
trap_arrow,roll,stat_check,,,,,,,spd,2,,,success_narr,fail_narr,
trap_arrow,success_narr,narration,{target_name}は矢を避けることができた！,,,,,,,,,attack,,,success_dialogue
trap_arrow,success_dialogue,dialogue,,target,危ないところだったわ……,危ないところだった……,危ないところだったな,危なかった……,,,,,,,end
trap_arrow,fail_narr,narration,{target_name}に矢が突き刺さる！,,,,,,,,,attack,,,fail_damage
trap_arrow,fail_damage,apply_damage,,,,,,,,,20,,,,fail_ally_dialogue
trap_arrow,fail_ally_dialogue,dialogue,,random_ally_except_target,大丈夫！？,大丈夫か！？,大丈夫か！？,大丈夫……？,,,,,,,fail_target_dialogue
trap_arrow,fail_target_dialogue,dialogue,,target,うっ……こ、これくらい平気よ……！,ダメだ、死ぬかもしれない！,あぁ、なんとか。先へ進もう,いたた……う、うん……平気……,,,,,,,end
trap_arrow,end,end,,,,,,,,,,,,,
treasure_chest,found,narration,宝箱を発見した！,,,,,,,,,,,,found_rust
treasure_chest,found_rust,narration,しかし蓋が錆びついているようだ。中々開かない。,,,,,,,,,,,,ally_comment
treasure_chest,ally_comment,dialogue,,random_ally,トラップはなさそうね。力ずくでこじ開けましょう！,トラップはなさそうだ。力ずくでこじ開けるぞ,トラップはなさそうだな。よし、力ずくで開けてみるか,トラップは……なさそう。頑張れば……開くかも……？,,,,,,,choose
treasure_chest,choose,party_choice,誰が宝箱をこじ開ける？,,,,,,,,,,force_open,,
treasure_chest,force_open,narration,{chosen_name}は力の限りで宝箱をこじ開ける！\n成功率：{success_rate}%,,,,,,,,,,,,str_roll
treasure_chest,str_roll,stat_check,,,,,,,str,2,,,open_success,open_fail,
treasure_chest,open_success,narration,宝箱は勢いよく開いた！,,,,,,,,,attack,,,herb
treasure_chest,herb,narration,薬草を手に入れた！,,,,,,,,,,,,end
treasure_chest,open_fail,narration,しかし宝箱はびくともしない！,,,,,,,,,attack,,,fail_dialogue
treasure_chest,fail_dialogue,dialogue,,chosen,……誰がやっても無理ね、これは,貴様ァ……宝箱まで俺を愚弄するか！,ダメだ、開かないな……悪い,うっ……わたしじゃ……無理……,,,,,,,end
treasure_chest,end,end,,,,,,,,,,,,,
healing_spring,intro,narration,綺麗に輝く泉を発見した！,,,,,,,,,,,,react
healing_spring,react,dialogue,,random_ally,まぁ、休んでいっても別にいいわよ！,助かった。少し休んでいこう,よっしゃ！少し休んでいこうぜ！,せっかくだし……休んでく……？,,,,,,,heal
healing_spring,heal,restore_party,,,,,,,,20,,,,,after
healing_spring,after,narration,休息を経て、元気になった！,,,,,,,,,,,,end
healing_spring,end,end,,,,,,,,,,,,,
rainbow_spring,intro,narration,虹色に輝く泉を発見した！,,,,,,,,,,,,react
rainbow_spring,react,dialogue,,random_ally,まぁ、きれい……！元気がみなぎってきそうだわ！,これは……レインボー・レイクじゃないか！まさかこの目で見れるとは……！,うお、すげえ！これはラッキーだな！,きらきらしてる……すごい……！,,,,,,,heal
rainbow_spring,heal,restore_party,,,,,,,,,,,,,after
rainbow_spring,after,narration,虹色の霧に包まれ、体力と魔力がみなぎった！,,,,,,,,,,,,end
rainbow_spring,end,end,,,,,,,,,,,,,
suspicious_spring,intro,narration,泉を発見した。しかしなんとも言えないくすんだ色をしている……。,,,,,,,,,,,,react
suspicious_spring,react,dialogue,,random_ally,これ、飲めるのかしら？どう思う？,おい……飲めるのか？これ,これ、飲めんのかなぁ,これ……飲める……かな……？,,,,,,,choose
suspicious_spring,choose,party_choice_skip,誰が毒見する？,,,,,毒見しない,,,,,taste_roll,skip_react,
suspicious_spring,taste_roll,chance_branch,,,,,,,,70,,,taste_ok_intro,taste_bad_intro,
suspicious_spring,taste_ok_intro,narration,{chosen_name}は恐る恐る泉の水を口にした。,,,,,,,,,,,,taste_ok_line
suspicious_spring,taste_ok_line,dialogue,,chosen,ぷはー！うまいわ！,これは……うまいぞ,おっ、うまいぞ！いける！,あ、おいしい……飲めそうだよ……,,,,,,,taste_ok_heal
suspicious_spring,taste_ok_heal,restore_party,,,,,,,,20,,,,,taste_ok_after
suspicious_spring,taste_ok_after,narration,一同は泉を飲んで元気になった！,,,,,,,,,,,,end
suspicious_spring,taste_bad_intro,narration,{chosen_name}は恐る恐る泉の水を口にした。,,,,,,,,,,,,taste_bad_line
suspicious_spring,taste_bad_line,dialogue,,chosen,うっ！マズイわ！！,貴様ぁ！マズイぞ！,うわ、マズっ！飲めたもんじゃない！,うぇ……ゲロマズ……,,,,,,,taste_bad_dmg
suspicious_spring,taste_bad_dmg,apply_damage_chosen,,,,,,,,,30,,,,taste_bad_narr
suspicious_spring,taste_bad_narr,narration,{chosen_name}は胃腸にダメージを負った！,,,,,,,,,,,,taste_bad_other
suspicious_spring,taste_bad_other,dialogue,,random_ally_except_chosen,（あらら……飲まなくてよかったわ）,（ふっ……飲まなくてよかった）,（うわ、飲まなくてよかったな……）,（……。飲まなくてよかった……）,,,,,,,end
suspicious_spring,skip_react,dialogue,,random_ally,君子危うきに近寄らず、よ,自然を舐めないに越したことはないな,まぁ怖いし、やめとこうぜ,やめとこ……お腹壊したくないし……,,,,,,,end
suspicious_spring,end,end,,,,,,,,,,,,,
mysterious_presence,intro,narration,一同は異常な寒気を感じた。見れば、空間の一部が裂けている。,,,,,,,,,,,,rift2
mysterious_presence,rift2,narration,裂けた空間の向こうでは、まさに異次元と言わんばかりに、不気味な斑模様がうごめいてる。,,,,,,,,,,,,react1
mysterious_presence,react1,dialogue,,random_ally_store,な、なにこれ……,おい、なんだこれは,うわ、なんだこれ！,なに……これ……,,,,,,,react2
mysterious_presence,react2,dialogue,,random_ally_except_reactor,も、物凄い魔力を感じるわ。向こうに何がいるのかしら……,とてつもない魔力を感じるな。一体何がいるんだ……？,すごい魔力を感じるぞ。あっちに何がいるんだ！？,ものすごい魔力を感じる……。一体……何がいるの……？,,,,,,,choose
mysterious_presence,choose,binary_choice,空間の裂け目に、入りますか？,,はい,いいえ,,,,,,,enter1,decline1,
mysterious_presence,enter1,narration,一行は互いに顔を見合わせる。\n覚悟を決め、裂け目の向こうへと足を踏み入れた。,,,,,,,,,,,,enter2
mysterious_presence,enter2,narration,時空の歪みが一行の肉体を蝕む！,,,,,,,,,,,,enter_dmg
mysterious_presence,enter_dmg,apply_damage_party,,,,,,,,,2000,,,,enter_check
mysterious_presence,enter_check,check_party_alive,,,,,,,,,,,enter_battle,enter_game_over,
mysterious_presence,enter_battle,start_battle,,,,,,,,,,,,,inu_moe
mysterious_presence,enter_game_over,game_over,,,,,,,,,,,,,
mysterious_presence,decline1,narration,一行は互いに顔を見合わせる。\nこの先へ進むのは、あまりに自殺行為だ。,,,,,,,,,,,,end
mysterious_presence,end,end,,,,,,,,,,,,,
